"РАСПРОДАЖА","ALORE РАСПРОДАЖА","","","платьеAL08красный","платье AL08 красный","http://www.adiont.ru/components/com_virtuemart/shop_image/product/_____________AL0_51ece93c398bf.jpg","","1","44",800,800.00,"95% вискоза, 5% лайкра","","Польша"
"РАСПРОДАЖА","ALORE РАСПРОДАЖА","","","платьеAL08красный","платье AL08 красный","http://www.adiont.ru//components/com_virtuemart/shop_image/product/czerwony_tyl_h.jpg","","1","44",800,800.00,"95% вискоза, 5% лайкра","","Польша"
"РАСПРОДАЖА","ALORE РАСПРОДАЖА","","","платьеAL09белый","платье AL09 белый","http://www.adiont.ru/components/com_virtuemart/shop_image/product/_____________AL0_51ecee589b6da.jpg","","1","44",800,800.00,"95% вискоза, 5% лайкра","","Польша"
"РАСПРОДАЖА","ALORE РАСПРОДАЖА","","","платьеAL09красный","платье AL09 красный","http://www.adiont.ru/components/com_virtuemart/shop_image/product/_____________AL0_51ecee2e02e52.jpg","","1","40",800,800.00,"95% вискоза, 5% лайкра","","Польша"
"РАСПРОДАЖА","ALORE РАСПРОДАЖА","","","платьеAL09красный","платье AL09 красный","http://www.adiont.ru/components/com_virtuemart/shop_image/product/_____________AL0_51ecee2e02e52.jpg","","1","42",800,800.00,"95% вискоза, 5% лайкра","","Польша"
"РАСПРОДАЖА","ALORE РАСПРОДАЖА","","","платьеAL09черный","платье AL09 черный","http://www.adiont.ru/components/com_virtuemart/shop_image/product/_____________AL0_51ece9d13165f.jpg","","1","38",800,800.00,"95% вискоза, 5% лайкра","","Польша"
"РАСПРОДАЖА","ALORE РАСПРОДАЖА","","","платьеAL09черный","платье AL09 черный","http://www.adiont.ru/components/com_virtuemart/shop_image/product/_____________AL0_51ece9d13165f.jpg","","1","40",800,800.00,"95% вискоза, 5% лайкра","","Польша"
"РАСПРОДАЖА","ALORE РАСПРОДАЖА","","","платьеAL09черный","платье AL09 черный","http://www.adiont.ru/components/com_virtuemart/shop_image/product/_____________AL0_51ece9d13165f.jpg","","1","42",800,800.00,"95% вискоза, 5% лайкра","","Польша"
"РАСПРОДАЖА","ALORE РАСПРОДАЖА","","","платьеAL09черный","платье AL09 черный","http://www.adiont.ru/components/com_virtuemart/shop_image/product/_____________AL0_51ece9d13165f.jpg","","1","44",800,800.00,"95% вискоза, 5% лайкра","","Польша"
"РАСПРОДАЖА","ALORE РАСПРОДАЖА","","","платьеAL12розовый","платье AL12 розовый","http://www.adiont.ru/components/com_virtuemart/shop_image/product/_____________AL1_51ecf08ff0e91.jpg","","1","38",1030,1030.00,"60% полиэстер, 35% вискоза, 5% лайкра","","Польша"
"РАСПРОДАЖА","ALORE РАСПРОДАЖА","","","платьеAL12розовый","платье AL12 розовый","http://www.adiont.ru/components/com_virtuemart/shop_image/product/_____________AL1_51ecf08ff0e91.jpg","","1","40",1030,1030.00,"60% полиэстер, 35% вискоза, 5% лайкра","","Польша"
"РАСПРОДАЖА","ALORE РАСПРОДАЖА","","","платьеAL12розовый","платье AL12 розовый","http://www.adiont.ru/components/com_virtuemart/shop_image/product/_____________AL1_51ecf08ff0e91.jpg","","1","42",1030,1030.00,"60% полиэстер, 35% вискоза, 5% лайкра","","Польша"
"РАСПРОДАЖА","ALORE РАСПРОДАЖА","","","рубашкаAL02черная","рубашка AL02 черная","http://www.adiont.ru/components/com_virtuemart/shop_image/product/_______________A_51eccea510d7f.jpg","","1","L",680,680.00,"60% хлопок, 40% полиэстер","","Польша"
"РАСПРОДАЖА","ALORE РАСПРОДАЖА","","","рубашкаAL02черная","рубашка AL02 черная","http://www.adiont.ru/components/com_virtuemart/shop_image/product/_______________A_51eccea510d7f.jpg","","1","XL",680,680.00,"60% хлопок, 40% полиэстер","","Польша"
"РАСПРОДАЖА","ALORE РАСПРОДАЖА","","","рубашкаAL02черная","рубашка AL02 черная","http://www.adiont.ru/components/com_virtuemart/shop_image/product/_______________A_51eccea510d7f.jpg","","1","L",680,680.00,"60% хлопок, 40% полиэстер","","Польша"
"РАСПРОДАЖА","ALORE РАСПРОДАЖА","","","рубашкаAL02черная","рубашка AL02 черная","http://www.adiont.ru/components/com_virtuemart/shop_image/product/_______________A_51eccea510d7f.jpg","","1","L",680,680.00,"60% хлопок, 40% полиэстер","","Польша"
"РАСПРОДАЖА","ALORE РАСПРОДАЖА","","","рубашкаAL02черная","рубашка AL02 черная","http://www.adiont.ru/components/com_virtuemart/shop_image/product/_______________A_51eccea510d7f.jpg","","1","XL",680,680.00,"60% хлопок, 40% полиэстер","","Польша"
"РАСПРОДАЖА","ALORE РАСПРОДАЖА","","","рубашкаAL02черная","рубашка AL02 черная","http://www.adiont.ru/components/com_virtuemart/shop_image/product/_______________A_51eccea510d7f.jpg","","1","XXL",680,680.00,"60% хлопок, 40% полиэстер","","Польша"
"РАСПРОДАЖА","ALORE РАСПРОДАЖА","","","рубашкаAL02черная","рубашка AL02 черная","http://www.adiont.ru/components/com_virtuemart/shop_image/product/_______________A_51eccea510d7f.jpg","","1","L",680,680.00,"60% хлопок, 40% полиэстер","","Польша"
"РАСПРОДАЖА","ALORE РАСПРОДАЖА","","","рубашкаAL02черная","рубашка AL02 черная","http://www.adiont.ru/components/com_virtuemart/shop_image/product/_______________A_51eccea510d7f.jpg","","1","XL",680,680.00,"60% хлопок, 40% полиэстер","","Польша"
"РАСПРОДАЖА","ALORE РАСПРОДАЖА","","","рубашкаAL02черная","рубашка AL02 черная","http://www.adiont.ru/components/com_virtuemart/shop_image/product/_______________A_51eccea510d7f.jpg","","1","XXL",680,680.00,"60% хлопок, 40% полиэстер","","Польша"
"РАСПРОДАЖА","ALORE РАСПРОДАЖА","","","рубашкаAL02черная","рубашка AL02 черная","http://www.adiont.ru/components/com_virtuemart/shop_image/product/_______________A_51eccea510d7f.jpg","","1","L",680,680.00,"60% хлопок, 40% полиэстер","","Польша"
"РАСПРОДАЖА","ALORE РАСПРОДАЖА","","","рубашкаAL02черная","рубашка AL02 черная","http://www.adiont.ru/components/com_virtuemart/shop_image/product/_______________A_51eccea510d7f.jpg","","1","XL",680,680.00,"60% хлопок, 40% полиэстер","","Польша"
"РАСПРОДАЖА","ALORE РАСПРОДАЖА","","","рубашкаAL02черная","рубашка AL02 черная","http://www.adiont.ru/components/com_virtuemart/shop_image/product/_______________A_51eccea510d7f.jpg","","1","XXL",680,680.00,"60% хлопок, 40% полиэстер","","Польша"
"РАСПРОДАЖА","ALORE РАСПРОДАЖА","","","рубашкаAL02черная","рубашка AL02 черная","http://www.adiont.ru/components/com_virtuemart/shop_image/product/_______________A_51eccea510d7f.jpg","","1","XXXL",680,680.00,"60% хлопок, 40% полиэстер","","Польша"
"РАСПРОДАЖА","ALORE РАСПРОДАЖА","","","рубашкаAL02черная","рубашка AL02 черная","http://www.adiont.ru/components/com_virtuemart/shop_image/product/_______________A_51eccea510d7f.jpg","","1","XXXXL",680,680.00,"60% хлопок, 40% полиэстер","","Польша"
"РАСПРОДАЖА","ALORE РАСПРОДАЖА","","","рубашкаAL11черный","рубашка AL11 черный","http://www.adiont.ru/components/com_virtuemart/shop_image/product/_______________A_51ecefbb5c454.jpg","","1","36",680,680.00,"60% хлопок, 40% полиэстер","","Польша"
"РАСПРОДАЖА","ALORE РАСПРОДАЖА","","","рубашкаAL11черный","рубашка AL11 черный","http://www.adiont.ru/components/com_virtuemart/shop_image/product/_______________A_51ecefbb5c454.jpg","","1","38",680,680.00,"60% хлопок, 40% полиэстер","","Польша"
"РАСПРОДАЖА","ALORE РАСПРОДАЖА","","","рубашкаAL11черный","рубашка AL11 черный","http://www.adiont.ru/components/com_virtuemart/shop_image/product/_______________A_51ecefbb5c454.jpg","","1","42",680,680.00,"60% хлопок, 40% полиэстер","","Польша"
"РАСПРОДАЖА","ALORE РАСПРОДАЖА","","","юбкаAL07гранат(т.синий)","юбка AL07 гранат (т.синий)","http://www.adiont.ru/components/com_virtuemart/shop_image/product/_________AL07____51ece6a9d48c6.jpg","","1","44",680,680.00,"60% полиэстер, 35% вискоза, 5% лайкра","","Польша"
"РАСПРОДАЖА","ALORE РАСПРОДАЖА","","","юбкаAL07черныйбеж","юбка AL07 черныйбеж","http://www.adiont.ru/components/com_virtuemart/shop_image/product/_________AL07____51ece6604a682.jpg","","1","42",680,680.00,"60% полиэстер, 35% вискоза, 5% лайкра","","Польша"
"РАСПРОДАЖА","ALORE РАСПРОДАЖА","","","юбкаAL07черныйбеж","юбка AL07 черныйбеж","http://www.adiont.ru/components/com_virtuemart/shop_image/product/_________AL07____51ece6604a682.jpg","","1","38",680,680.00,"60% полиэстер, 35% вискоза, 5% лайкра","","Польша"
"РАСПРОДАЖА","ALORE РАСПРОДАЖА","","","юбкаAL07черныйбеж","юбка AL07 черныйбеж","http://www.adiont.ru/components/com_virtuemart/shop_image/product/_________AL07____51ece6604a682.jpg","","1","40",680,680.00,"60% полиэстер, 35% вискоза, 5% лайкра","","Польша"
"РАСПРОДАЖА","ALORE РАСПРОДАЖА","","","юбкаAL07черныйбеж","юбка AL07 черныйбеж","http://www.adiont.ru/components/com_virtuemart/shop_image/product/_________AL07____51ece6604a682.jpg","","1","44",680,680.00,"60% полиэстер, 35% вискоза, 5% лайкра","","Польша"
"РАСПРОДАЖА","ALORE РАСПРОДАЖА","","","юбкаAL07черныйбеж","юбка AL07 черныйбеж","http://www.adiont.ru/components/com_virtuemart/shop_image/product/_________AL07____51ece6604a682.jpg","","1","36",680,680.00,"60% полиэстер, 35% вискоза, 5% лайкра","","Польша"
"РАСПРОДАЖА","ALORE РАСПРОДАЖА","","","юбкаAL07черныйбеж","юбка AL07 черныйбеж","http://www.adiont.ru/components/com_virtuemart/shop_image/product/_________AL07____51ece6604a682.jpg","","1","46",680,680.00,"60% полиэстер, 35% вискоза, 5% лайкра","","Польша"
"РАСПРОДАЖА","ALORE РАСПРОДАЖА","","","юбкаAL07черныйбеж","юбка AL07 черныйбеж","http://www.adiont.ru/components/com_virtuemart/shop_image/product/_________AL07____51ece6604a682.jpg","","1","48",680,680.00,"60% полиэстер, 35% вискоза, 5% лайкра","","Польша"
"РАСПРОДАЖА","ALORE РАСПРОДАЖА","","","юбкаAL07черныйбеж","юбка AL07 черныйбеж","http://www.adiont.ru/components/com_virtuemart/shop_image/product/_________AL07____51ece6604a682.jpg","","1","50",680,680.00,"60% полиэстер, 35% вискоза, 5% лайкра","","Польша"
"РАСПРОДАЖА","ALORE РАСПРОДАЖА","","","юбкаAL07черныйбеж","юбка AL07 черныйбеж","http://www.adiont.ru/components/com_virtuemart/shop_image/product/_________AL07____51ece6604a682.jpg","","1","34",680,680.00,"60% полиэстер, 35% вискоза, 5% лайкра","","Польша"
"РАСПРОДАЖА","ALORE РАСПРОДАЖА","","","платьеAL08красный","платье AL08 красный","http://www.adiont.ru/components/com_virtuemart/shop_image/product/_____________AL0_51ece93c398bf.jpg","","1","44",800,800.00,"95% вискоза, 5% лайкра","","Польша"
"РАСПРОДАЖА","ALORE РАСПРОДАЖА","","","платьеAL08красный","платье AL08 красный","http://www.adiont.ru//components/com_virtuemart/shop_image/product/czerwony_tyl_h.jpg","","1","44",800,800.00,"95% вискоза, 5% лайкра","","Польша"
"РАСПРОДАЖА","ALORE РАСПРОДАЖА","","","платьеAL09белый","платье AL09 белый","http://www.adiont.ru/components/com_virtuemart/shop_image/product/_____________AL0_51ecee589b6da.jpg","","1","44",800,800.00,"95% вискоза, 5% лайкра","","Польша"
"РАСПРОДАЖА","ALORE РАСПРОДАЖА","","","платьеAL09красный","платье AL09 красный","http://www.adiont.ru/components/com_virtuemart/shop_image/product/_____________AL0_51ecee2e02e52.jpg","","1","40",800,800.00,"95% вискоза, 5% лайкра","","Польша"
"РАСПРОДАЖА","ALORE РАСПРОДАЖА","","","платьеAL09красный","платье AL09 красный","http://www.adiont.ru/components/com_virtuemart/shop_image/product/_____________AL0_51ecee2e02e52.jpg","","1","42",800,800.00,"95% вискоза, 5% лайкра","","Польша"
"РАСПРОДАЖА","ALORE РАСПРОДАЖА","","","платьеAL09черный","платье AL09 черный","http://www.adiont.ru/components/com_virtuemart/shop_image/product/_____________AL0_51ece9d13165f.jpg","","1","38",800,800.00,"95% вискоза, 5% лайкра","","Польша"
"РАСПРОДАЖА","ALORE РАСПРОДАЖА","","","платьеAL09черный","платье AL09 черный","http://www.adiont.ru/components/com_virtuemart/shop_image/product/_____________AL0_51ece9d13165f.jpg","","1","40",800,800.00,"95% вискоза, 5% лайкра","","Польша"
"РАСПРОДАЖА","ALORE РАСПРОДАЖА","","","платьеAL09черный","платье AL09 черный","http://www.adiont.ru/components/com_virtuemart/shop_image/product/_____________AL0_51ece9d13165f.jpg","","1","42",800,800.00,"95% вискоза, 5% лайкра","","Польша"
"РАСПРОДАЖА","ALORE РАСПРОДАЖА","","","платьеAL09черный","платье AL09 черный","http://www.adiont.ru/components/com_virtuemart/shop_image/product/_____________AL0_51ece9d13165f.jpg","","1","44",800,800.00,"95% вискоза, 5% лайкра","","Польша"
"РАСПРОДАЖА","ALORE РАСПРОДАЖА","","","платьеAL12розовый","платье AL12 розовый","http://www.adiont.ru/components/com_virtuemart/shop_image/product/_____________AL1_51ecf08ff0e91.jpg","","1","38",1030,1030.00,"60% полиэстер, 35% вискоза, 5% лайкра","","Польша"
"РАСПРОДАЖА","ALORE РАСПРОДАЖА","","","платьеAL12розовый","платье AL12 розовый","http://www.adiont.ru/components/com_virtuemart/shop_image/product/_____________AL1_51ecf08ff0e91.jpg","","1","40",1030,1030.00,"60% полиэстер, 35% вискоза, 5% лайкра","","Польша"
"РАСПРОДАЖА","ALORE РАСПРОДАЖА","","","платьеAL12розовый","платье AL12 розовый","http://www.adiont.ru/components/com_virtuemart/shop_image/product/_____________AL1_51ecf08ff0e91.jpg","","1","42",1030,1030.00,"60% полиэстер, 35% вискоза, 5% лайкра","","Польша"
"РАСПРОДАЖА","ALORE РАСПРОДАЖА","","","рубашкаAL02черная","рубашка AL02 черная","http://www.adiont.ru/components/com_virtuemart/shop_image/product/_______________A_51eccea510d7f.jpg","","1","L",680,680.00,"60% хлопок, 40% полиэстер","","Польша"
"РАСПРОДАЖА","ALORE РАСПРОДАЖА","","","рубашкаAL02черная","рубашка AL02 черная","http://www.adiont.ru/components/com_virtuemart/shop_image/product/_______________A_51eccea510d7f.jpg","","1","XL",680,680.00,"60% хлопок, 40% полиэстер","","Польша"
"РАСПРОДАЖА","ALORE РАСПРОДАЖА","","","рубашкаAL02черная","рубашка AL02 черная","http://www.adiont.ru/components/com_virtuemart/shop_image/product/_______________A_51eccea510d7f.jpg","","1","L",680,680.00,"60% хлопок, 40% полиэстер","","Польша"
"РАСПРОДАЖА","ALORE РАСПРОДАЖА","","","рубашкаAL02черная","рубашка AL02 черная","http://www.adiont.ru/components/com_virtuemart/shop_image/product/_______________A_51eccea510d7f.jpg","","1","L",680,680.00,"60% хлопок, 40% полиэстер","","Польша"
"РАСПРОДАЖА","ALORE РАСПРОДАЖА","","","рубашкаAL02черная","рубашка AL02 черная","http://www.adiont.ru/components/com_virtuemart/shop_image/product/_______________A_51eccea510d7f.jpg","","1","XL",680,680.00,"60% хлопок, 40% полиэстер","","Польша"
"РАСПРОДАЖА","ALORE РАСПРОДАЖА","","","рубашкаAL02черная","рубашка AL02 черная","http://www.adiont.ru/components/com_virtuemart/shop_image/product/_______________A_51eccea510d7f.jpg","","1","XXL",680,680.00,"60% хлопок, 40% полиэстер","","Польша"
"РАСПРОДАЖА","ALORE РАСПРОДАЖА","","","рубашкаAL02черная","рубашка AL02 черная","http://www.adiont.ru/components/com_virtuemart/shop_image/product/_______________A_51eccea510d7f.jpg","","1","L",680,680.00,"60% хлопок, 40% полиэстер","","Польша"
"РАСПРОДАЖА","ALORE РАСПРОДАЖА","","","рубашкаAL02черная","рубашка AL02 черная","http://www.adiont.ru/components/com_virtuemart/shop_image/product/_______________A_51eccea510d7f.jpg","","1","XL",680,680.00,"60% хлопок, 40% полиэстер","","Польша"
"РАСПРОДАЖА","ALORE РАСПРОДАЖА","","","рубашкаAL02черная","рубашка AL02 черная","http://www.adiont.ru/components/com_virtuemart/shop_image/product/_______________A_51eccea510d7f.jpg","","1","XXL",680,680.00,"60% хлопок, 40% полиэстер","","Польша"
"РАСПРОДАЖА","ALORE РАСПРОДАЖА","","","рубашкаAL02черная","рубашка AL02 черная","http://www.adiont.ru/components/com_virtuemart/shop_image/product/_______________A_51eccea510d7f.jpg","","1","L",680,680.00,"60% хлопок, 40% полиэстер","","Польша"
"РАСПРОДАЖА","ALORE РАСПРОДАЖА","","","рубашкаAL02черная","рубашка AL02 черная","http://www.adiont.ru/components/com_virtuemart/shop_image/product/_______________A_51eccea510d7f.jpg","","1","XL",680,680.00,"60% хлопок, 40% полиэстер","","Польша"
"РАСПРОДАЖА","ALORE РАСПРОДАЖА","","","рубашкаAL02черная","рубашка AL02 черная","http://www.adiont.ru/components/com_virtuemart/shop_image/product/_______________A_51eccea510d7f.jpg","","1","XXL",680,680.00,"60% хлопок, 40% полиэстер","","Польша"
"РАСПРОДАЖА","ALORE РАСПРОДАЖА","","","рубашкаAL02черная","рубашка AL02 черная","http://www.adiont.ru/components/com_virtuemart/shop_image/product/_______________A_51eccea510d7f.jpg","","1","XXXL",680,680.00,"60% хлопок, 40% полиэстер","","Польша"
"РАСПРОДАЖА","ALORE РАСПРОДАЖА","","","рубашкаAL02черная","рубашка AL02 черная","http://www.adiont.ru/components/com_virtuemart/shop_image/product/_______________A_51eccea510d7f.jpg","","1","XXXXL",680,680.00,"60% хлопок, 40% полиэстер","","Польша"
"РАСПРОДАЖА","ALORE РАСПРОДАЖА","","","рубашкаAL11черный","рубашка AL11 черный","http://www.adiont.ru/components/com_virtuemart/shop_image/product/_______________A_51ecefbb5c454.jpg","","1","36",680,680.00,"60% хлопок, 40% полиэстер","","Польша"
"РАСПРОДАЖА","ALORE РАСПРОДАЖА","","","рубашкаAL11черный","рубашка AL11 черный","http://www.adiont.ru/components/com_virtuemart/shop_image/product/_______________A_51ecefbb5c454.jpg","","1","38",680,680.00,"60% хлопок, 40% полиэстер","","Польша"
"РАСПРОДАЖА","ALORE РАСПРОДАЖА","","","рубашкаAL11черный","рубашка AL11 черный","http://www.adiont.ru/components/com_virtuemart/shop_image/product/_______________A_51ecefbb5c454.jpg","","1","42",680,680.00,"60% хлопок, 40% полиэстер","","Польша"
"РАСПРОДАЖА","ALORE РАСПРОДАЖА","","","юбкаAL07гранат(т.синий)","юбка AL07 гранат (т.синий)","http://www.adiont.ru/components/com_virtuemart/shop_image/product/_________AL07____51ece6a9d48c6.jpg","","1","44",680,680.00,"60% полиэстер, 35% вискоза, 5% лайкра","","Польша"
"РАСПРОДАЖА","ALORE РАСПРОДАЖА","","","юбкаAL07черныйбеж","юбка AL07 черныйбеж","http://www.adiont.ru/components/com_virtuemart/shop_image/product/_________AL07____51ece6604a682.jpg","","1","42",680,680.00,"60% полиэстер, 35% вискоза, 5% лайкра","","Польша"
"РАСПРОДАЖА","ALORE РАСПРОДАЖА","","","юбкаAL07черныйбеж","юбка AL07 черныйбеж","http://www.adiont.ru/components/com_virtuemart/shop_image/product/_________AL07____51ece6604a682.jpg","","1","38",680,680.00,"60% полиэстер, 35% вискоза, 5% лайкра","","Польша"
"РАСПРОДАЖА","ALORE РАСПРОДАЖА","","","юбкаAL07черныйбеж","юбка AL07 черныйбеж","http://www.adiont.ru/components/com_virtuemart/shop_image/product/_________AL07____51ece6604a682.jpg","","1","40",680,680.00,"60% полиэстер, 35% вискоза, 5% лайкра","","Польша"
"РАСПРОДАЖА","ALORE РАСПРОДАЖА","","","юбкаAL07черныйбеж","юбка AL07 черныйбеж","http://www.adiont.ru/components/com_virtuemart/shop_image/product/_________AL07____51ece6604a682.jpg","","1","44",680,680.00,"60% полиэстер, 35% вискоза, 5% лайкра","","Польша"
"РАСПРОДАЖА","ALORE РАСПРОДАЖА","","","юбкаAL07черныйбеж","юбка AL07 черныйбеж","http://www.adiont.ru/components/com_virtuemart/shop_image/product/_________AL07____51ece6604a682.jpg","","1","36",680,680.00,"60% полиэстер, 35% вискоза, 5% лайкра","","Польша"
"РАСПРОДАЖА","ALORE РАСПРОДАЖА","","","юбкаAL07черныйбеж","юбка AL07 черныйбеж","http://www.adiont.ru/components/com_virtuemart/shop_image/product/_________AL07____51ece6604a682.jpg","","1","46",680,680.00,"60% полиэстер, 35% вискоза, 5% лайкра","","Польша"
"РАСПРОДАЖА","ALORE РАСПРОДАЖА","","","юбкаAL07черныйбеж","юбка AL07 черныйбеж","http://www.adiont.ru/components/com_virtuemart/shop_image/product/_________AL07____51ece6604a682.jpg","","1","48",680,680.00,"60% полиэстер, 35% вискоза, 5% лайкра","","Польша"
"РАСПРОДАЖА","ALORE РАСПРОДАЖА","","","юбкаAL07черныйбеж","юбка AL07 черныйбеж","http://www.adiont.ru/components/com_virtuemart/shop_image/product/_________AL07____51ece6604a682.jpg","","1","50",680,680.00,"60% полиэстер, 35% вискоза, 5% лайкра","","Польша"
"РАСПРОДАЖА","ALORE РАСПРОДАЖА","","","юбкаAL07черныйбеж","юбка AL07 черныйбеж","http://www.adiont.ru/components/com_virtuemart/shop_image/product/_________AL07____51ece6604a682.jpg","","1","34",680,680.00,"60% полиэстер, 35% вискоза, 5% лайкра","","Польша"
